Component,Quarter,Value
Immigrants,Q1 1990,43297.0
Net emigration,Q1 1990,4663.0
Emigrants,Q1 1990,7391.0
Returning emigrants,Q1 1990,2728.0
Net temporary emigration,Q1 1990,
Net non-permanent residents,Q1 1990,17728.0
"Non-permanent residents, inflows",Q1 1990,
"Non-permanent residents, outflows",Q1 1990,
Immigrants,Q2 1990,60119.0
Net emigration,Q2 1990,4880.0
Emigrants,Q2 1990,8840.0
Returning emigrants,Q2 1990,3960.0
Net temporary emigration,Q2 1990,
Net non-permanent residents,Q2 1990,8986.0
"Non-permanent residents, inflows",Q2 1990,
"Non-permanent residents, outflows",Q2 1990,
Immigrants,Q3 1990,62927.0
Net emigration,Q3 1990,9334.0
Emigrants,Q3 1990,14407.0
Returning emigrants,Q3 1990,5073.0
Net temporary emigration,Q3 1990,
Net non-permanent residents,Q3 1990,4919.0
"Non-permanent residents, inflows",Q3 1990,
"Non-permanent residents, outflows",Q3 1990,
Immigrants,Q4 1990,50081.0
Net emigration,Q4 1990,6134.0
Emigrants,Q4 1990,8974.0
Returning emigrants,Q4 1990,2840.0
Net temporary emigration,Q4 1990,
Net non-permanent residents,Q4 1990,-42584.0
"Non-permanent residents, inflows",Q4 1990,
"Non-permanent residents, outflows",Q4 1990,
Immigrants,Q1 1991,51621.0
Net emigration,Q1 1991,6239.0
Emigrants,Q1 1991,9217.0
Returning emigrants,Q1 1991,2978.0
Net temporary emigration,Q1 1991,
Net non-permanent residents,Q1 1991,-18010.0
"Non-permanent residents, inflows",Q1 1991,
"Non-permanent residents, outflows",Q1 1991,
Immigrants,Q2 1991,56753.0
Net emigration,Q2 1991,6777.0
Emigrants,Q2 1991,11094.0
Returning emigrants,Q2 1991,4317.0
Net temporary emigration,Q2 1991,
Net non-permanent residents,Q2 1991,2822.0
"Non-permanent residents, inflows",Q2 1991,
"Non-permanent residents, outflows",Q2 1991,
Immigrants,Q3 1991,54876.0
Net emigration,Q3 1991,18710.0
Emigrants,Q3 1991,17713.0
Returning emigrants,Q3 1991,5302.0
Net temporary emigration,Q3 1991,6299.0
Net non-permanent residents,Q3 1991,2338.0
"Non-permanent residents, inflows",Q3 1991,
"Non-permanent residents, outflows",Q3 1991,
Immigrants,Q4 1991,69526.0
Net emigration,Q4 1991,11670.0
Emigrants,Q4 1991,10006.0
Returning emigrants,Q4 1991,2968.0
Net temporary emigration,Q4 1991,4632.0
Net non-permanent residents,Q4 1991,-41811.0
"Non-permanent residents, inflows",Q4 1991,
"Non-permanent residents, outflows",Q4 1991,
Immigrants,Q1 1992,56579.0
Net emigration,Q1 1992,9552.0
Emigrants,Q1 1992,8385.0
Returning emigrants,Q1 1992,3114.0
Net temporary emigration,Q1 1992,4281.0
Net non-permanent residents,Q1 1992,164.0
"Non-permanent residents, inflows",Q1 1992,
"Non-permanent residents, outflows",Q1 1992,
Immigrants,Q2 1992,63300.0
Net emigration,Q2 1992,9543.0
Emigrants,Q2 1992,9529.0
Returning emigrants,Q2 1992,4515.0
Net temporary emigration,Q2 1992,4529.0
Net non-permanent residents,Q2 1992,-3610.0
"Non-permanent residents, inflows",Q2 1992,
"Non-permanent residents, outflows",Q2 1992,
Immigrants,Q3 1992,70126.0
Net emigration,Q3 1992,18094.0
Emigrants,Q3 1992,16921.0
Returning emigrants,Q3 1992,5092.0
Net temporary emigration,Q3 1992,6265.0
Net non-permanent residents,Q3 1992,2018.0
"Non-permanent residents, inflows",Q3 1992,
"Non-permanent residents, outflows",Q3 1992,
Immigrants,Q4 1992,64851.0
Net emigration,Q4 1992,11532.0
Emigrants,Q4 1992,9732.0
Returning emigrants,Q4 1992,2852.0
Net temporary emigration,Q4 1992,4652.0
Net non-permanent residents,Q4 1992,-30505.0
"Non-permanent residents, inflows",Q4 1992,
"Non-permanent residents, outflows",Q4 1992,
Immigrants,Q1 1993,62298.0
Net emigration,Q1 1993,9402.0
Emigrants,Q1 1993,8106.0
Returning emigrants,Q1 1993,2991.0
Net temporary emigration,Q1 1993,4287.0
Net non-permanent residents,Q1 1993,-20281.0
"Non-permanent residents, inflows",Q1 1993,
"Non-permanent residents, outflows",Q1 1993,
Immigrants,Q2 1993,69615.0
Net emigration,Q2 1993,9430.0
Emigrants,Q2 1993,9234.0
Returning emigrants,Q2 1993,4344.0
Net temporary emigration,Q2 1993,4540.0
Net non-permanent residents,Q2 1993,-22417.0
"Non-permanent residents, inflows",Q2 1993,
"Non-permanent residents, outflows",Q2 1993,
Immigrants,Q3 1993,71534.0
Net emigration,Q3 1993,18480.0
Emigrants,Q3 1993,17550.0
Returning emigrants,Q3 1993,5042.0
Net temporary emigration,Q3 1993,5972.0
Net non-permanent residents,Q3 1993,3160.0
"Non-permanent residents, inflows",Q3 1993,
"Non-permanent residents, outflows",Q3 1993,
Immigrants,Q4 1993,53307.0
Net emigration,Q4 1993,13345.0
Emigrants,Q4 1993,11828.0
Returning emigrants,Q4 1993,3313.0
Net temporary emigration,Q4 1993,4830.0
Net non-permanent residents,Q4 1993,-23754.0
"Non-permanent residents, inflows",Q4 1993,
"Non-permanent residents, outflows",Q4 1993,
Immigrants,Q1 1994,50665.0
Net emigration,Q1 1994,9378.0
Emigrants,Q1 1994,8338.0
Returning emigrants,Q1 1994,3092.0
Net temporary emigration,Q1 1994,4132.0
Net non-permanent residents,Q1 1994,-1365.0
"Non-permanent residents, inflows",Q1 1994,
"Non-permanent residents, outflows",Q1 1994,
Immigrants,Q2 1994,59854.0
Net emigration,Q2 1994,11641.0
Emigrants,Q2 1994,11740.0
Returning emigrants,Q2 1994,4911.0
Net temporary emigration,Q2 1994,4812.0
Net non-permanent residents,Q2 1994,-237.0
"Non-permanent residents, inflows",Q2 1994,
"Non-permanent residents, outflows",Q2 1994,
Immigrants,Q3 1994,66559.0
Net emigration,Q3 1994,21071.0
Emigrants,Q3 1994,21204.0
Returning emigrants,Q3 1994,6620.0
Net temporary emigration,Q3 1994,6487.0
Net non-permanent residents,Q3 1994,5673.0
"Non-permanent residents, inflows",Q3 1994,
"Non-permanent residents, outflows",Q3 1994,
Immigrants,Q4 1994,47317.0
Net emigration,Q4 1994,13592.0
Emigrants,Q4 1994,11999.0
Returning emigrants,Q4 1994,3151.0
Net temporary emigration,Q4 1994,4744.0
Net non-permanent residents,Q4 1994,-20571.0
"Non-permanent residents, inflows",Q4 1994,
"Non-permanent residents, outflows",Q4 1994,
Immigrants,Q1 1995,50904.0
Net emigration,Q1 1995,8279.0
Emigrants,Q1 1995,7991.0
Returning emigrants,Q1 1995,3696.0
Net temporary emigration,Q1 1995,3984.0
Net non-permanent residents,Q1 1995,-3168.0
"Non-permanent residents, inflows",Q1 1995,
"Non-permanent residents, outflows",Q1 1995,
Immigrants,Q2 1995,55958.0
Net emigration,Q2 1995,10484.0
Emigrants,Q2 1995,10875.0
Returning emigrants,Q2 1995,4921.0
Net temporary emigration,Q2 1995,4530.0
Net non-permanent residents,Q2 1995,3914.0
"Non-permanent residents, inflows",Q2 1995,
"Non-permanent residents, outflows",Q2 1995,
Immigrants,Q3 1995,58259.0
Net emigration,Q3 1995,19964.0
Emigrants,Q3 1995,20191.0
Returning emigrants,Q3 1995,6814.0
Net temporary emigration,Q3 1995,6587.0
Net non-permanent residents,Q3 1995,12352.0
"Non-permanent residents, inflows",Q3 1995,
"Non-permanent residents, outflows",Q3 1995,
Immigrants,Q4 1995,47754.0
Net emigration,Q4 1995,12525.0
Emigrants,Q4 1995,11028.0
Returning emigrants,Q4 1995,3221.0
Net temporary emigration,Q4 1995,4718.0
Net non-permanent residents,Q4 1995,-12929.0
"Non-permanent residents, inflows",Q4 1995,
"Non-permanent residents, outflows",Q4 1995,
Immigrants,Q1 1996,51288.0
Net emigration,Q1 1996,8006.0
Emigrants,Q1 1996,7126.0
Returning emigrants,Q1 1996,3041.0
Net temporary emigration,Q1 1996,3921.0
Net non-permanent residents,Q1 1996,-3960.0
"Non-permanent residents, inflows",Q1 1996,
"Non-permanent residents, outflows",Q1 1996,
Immigrants,Q2 1996,60177.0
Net emigration,Q2 1996,8611.0
Emigrants,Q2 1996,10051.0
Returning emigrants,Q2 1996,5959.0
Net temporary emigration,Q2 1996,4519.0
Net non-permanent residents,Q2 1996,3711.0
"Non-permanent residents, inflows",Q2 1996,
"Non-permanent residents, outflows",Q2 1996,
Immigrants,Q3 1996,62750.0
Net emigration,Q3 1996,18474.0
Emigrants,Q3 1996,18995.0
Returning emigrants,Q3 1996,8313.0
Net temporary emigration,Q3 1996,7792.0
Net non-permanent residents,Q3 1996,11482.0
"Non-permanent residents, inflows",Q3 1996,
"Non-permanent residents, outflows",Q3 1996,
Immigrants,Q4 1996,51846.0
Net emigration,Q4 1996,14750.0
Emigrants,Q4 1996,11666.0
Returning emigrants,Q4 1996,2935.0
Net temporary emigration,Q4 1996,6019.0
Net non-permanent residents,Q4 1996,-20900.0
"Non-permanent residents, inflows",Q4 1996,
"Non-permanent residents, outflows",Q4 1996,
Immigrants,Q1 1997,52844.0
Net emigration,Q1 1997,11770.0
Emigrants,Q1 1997,9234.0
Returning emigrants,Q1 1997,2895.0
Net temporary emigration,Q1 1997,5431.0
Net non-permanent residents,Q1 1997,2006.0
"Non-permanent residents, inflows",Q1 1997,
"Non-permanent residents, outflows",Q1 1997,
Immigrants,Q2 1997,57417.0
Net emigration,Q2 1997,14429.0
Emigrants,Q2 1997,12920.0
Returning emigrants,Q2 1997,4813.0
Net temporary emigration,Q2 1997,6322.0
Net non-permanent residents,Q2 1997,7594.0
"Non-permanent residents, inflows",Q2 1997,
"Non-permanent residents, outflows",Q2 1997,
Immigrants,Q3 1997,60845.0
Net emigration,Q3 1997,21788.0
Emigrants,Q3 1997,20201.0
Returning emigrants,Q3 1997,6591.0
Net temporary emigration,Q3 1997,8178.0
Net non-permanent residents,Q3 1997,12484.0
"Non-permanent residents, inflows",Q3 1997,
"Non-permanent residents, outflows",Q3 1997,
Immigrants,Q4 1997,44928.0
Net emigration,Q4 1997,14816.0
Emigrants,Q4 1997,11908.0
Returning emigrants,Q4 1997,3224.0
Net temporary emigration,Q4 1997,6132.0
Net non-permanent residents,Q4 1997,-21293.0
"Non-permanent residents, inflows",Q4 1997,
"Non-permanent residents, outflows",Q4 1997,
Immigrants,Q1 1998,42813.0
Net emigration,Q1 1998,10731.0
Emigrants,Q1 1998,8569.0
Returning emigrants,Q1 1998,3148.0
Net temporary emigration,Q1 1998,5310.0
Net non-permanent residents,Q1 1998,367.0
"Non-permanent residents, inflows",Q1 1998,
"Non-permanent residents, outflows",Q1 1998,
Immigrants,Q2 1998,45873.0
Net emigration,Q2 1998,11373.0
Emigrants,Q2 1998,11138.0
Returning emigrants,Q2 1998,5708.0
Net temporary emigration,Q2 1998,5943.0
Net non-permanent residents,Q2 1998,4459.0
"Non-permanent residents, inflows",Q2 1998,
"Non-permanent residents, outflows",Q2 1998,
Immigrants,Q3 1998,47317.0
Net emigration,Q3 1998,21986.0
Emigrants,Q3 1998,19813.0
Returning emigrants,Q3 1998,6298.0
Net temporary emigration,Q3 1998,8471.0
Net non-permanent residents,Q3 1998,14716.0
"Non-permanent residents, inflows",Q3 1998,
"Non-permanent residents, outflows",Q3 1998,
Immigrants,Q4 1998,38181.0
Net emigration,Q4 1998,13752.0
Emigrants,Q4 1998,10319.0
Returning emigrants,Q4 1998,2511.0
Net temporary emigration,Q4 1998,5944.0
Net non-permanent residents,Q4 1998,-18621.0
"Non-permanent residents, inflows",Q4 1998,
"Non-permanent residents, outflows",Q4 1998,
Immigrants,Q1 1999,40153.0
Net emigration,Q1 1999,9421.0
Emigrants,Q1 1999,7364.0
Returning emigrants,Q1 1999,3100.0
Net temporary emigration,Q1 1999,5157.0
Net non-permanent residents,Q1 1999,5649.0
"Non-permanent residents, inflows",Q1 1999,
"Non-permanent residents, outflows",Q1 1999,
Immigrants,Q2 1999,47543.0
Net emigration,Q2 1999,10925.0
Emigrants,Q2 1999,10512.0
Returning emigrants,Q2 1999,5582.0
Net temporary emigration,Q2 1999,5995.0
Net non-permanent residents,Q2 1999,16573.0
"Non-permanent residents, inflows",Q2 1999,
"Non-permanent residents, outflows",Q2 1999,
Immigrants,Q3 1999,53841.0
Net emigration,Q3 1999,20273.0
Emigrants,Q3 1999,18812.0
Returning emigrants,Q3 1999,6735.0
Net temporary emigration,Q3 1999,8196.0
Net non-permanent residents,Q3 1999,22201.0
"Non-permanent residents, inflows",Q3 1999,
"Non-permanent residents, outflows",Q3 1999,
Immigrants,Q4 1999,48434.0
Net emigration,Q4 1999,13768.0
Emigrants,Q4 1999,10821.0
Returning emigrants,Q4 1999,3124.0
Net temporary emigration,Q4 1999,6071.0
Net non-permanent residents,Q4 1999,-21992.0
"Non-permanent residents, inflows",Q4 1999,
"Non-permanent residents, outflows",Q4 1999,
Immigrants,Q1 2000,45564.0
Net emigration,Q1 2000,10376.0
Emigrants,Q1 2000,7843.0
Returning emigrants,Q1 2000,2747.0
Net temporary emigration,Q1 2000,5280.0
Net non-permanent residents,Q1 2000,11842.0
"Non-permanent residents, inflows",Q1 2000,
"Non-permanent residents, outflows",Q1 2000,
Immigrants,Q2 2000,57871.0
Net emigration,Q2 2000,11556.0
Emigrants,Q2 2000,10613.0
Returning emigrants,Q2 2000,5074.0
Net temporary emigration,Q2 2000,6017.0
Net non-permanent residents,Q2 2000,12981.0
"Non-permanent residents, inflows",Q2 2000,
"Non-permanent residents, outflows",Q2 2000,
Immigrants,Q3 2000,66518.0
Net emigration,Q3 2000,21078.0
Emigrants,Q3 2000,19583.0
Returning emigrants,Q3 2000,6940.0
Net temporary emigration,Q3 2000,8435.0
Net non-permanent residents,Q3 2000,23335.0
"Non-permanent residents, inflows",Q3 2000,
"Non-permanent residents, outflows",Q3 2000,
Immigrants,Q4 2000,57476.0
Net emigration,Q4 2000,14099.0
Emigrants,Q4 2000,10802.0
Returning emigrants,Q4 2000,2789.0
Net temporary emigration,Q4 2000,6086.0
Net non-permanent residents,Q4 2000,-19725.0
"Non-permanent residents, inflows",Q4 2000,
"Non-permanent residents, outflows",Q4 2000,
Immigrants,Q1 2001,58485.0
Net emigration,Q1 2001,10101.0
Emigrants,Q1 2001,7652.0
Returning emigrants,Q1 2001,2794.0
Net temporary emigration,Q1 2001,5243.0
Net non-permanent residents,Q1 2001,17268.0
"Non-permanent residents, inflows",Q1 2001,
"Non-permanent residents, outflows",Q1 2001,
Immigrants,Q2 2001,70048.0
Net emigration,Q2 2001,10141.0
Emigrants,Q2 2001,9729.0
Returning emigrants,Q2 2001,5387.0
Net temporary emigration,Q2 2001,5799.0
Net non-permanent residents,Q2 2001,18774.0
"Non-permanent residents, inflows",Q2 2001,
"Non-permanent residents, outflows",Q2 2001,
Immigrants,Q3 2001,69951.0
Net emigration,Q3 2001,23655.0
Emigrants,Q3 2001,23167.0
Returning emigrants,Q3 2001,9319.0
Net temporary emigration,Q3 2001,9807.0
Net non-permanent residents,Q3 2001,29574.0
"Non-permanent residents, inflows",Q3 2001,
"Non-permanent residents, outflows",Q3 2001,
Immigrants,Q4 2001,52154.0
Net emigration,Q4 2001,15494.0
Emigrants,Q4 2001,13040.0
Returning emigrants,Q4 2001,4573.0
Net temporary emigration,Q4 2001,7027.0
Net non-permanent residents,Q4 2001,-18330.0
"Non-permanent residents, inflows",Q4 2001,
"Non-permanent residents, outflows",Q4 2001,
Immigrants,Q1 2002,61589.0
Net emigration,Q1 2002,7400.0
Emigrants,Q1 2002,6277.0
Returning emigrants,Q1 2002,4048.0
Net temporary emigration,Q1 2002,5171.0
Net non-permanent residents,Q1 2002,10837.0
"Non-permanent residents, inflows",Q1 2002,
"Non-permanent residents, outflows",Q1 2002,
Immigrants,Q2 2002,72711.0
Net emigration,Q2 2002,5431.0
Emigrants,Q2 2002,7665.0
Returning emigrants,Q2 2002,7787.0
Net temporary emigration,Q2 2002,5553.0
Net non-permanent residents,Q2 2002,11429.0
"Non-permanent residents, inflows",Q2 2002,
"Non-permanent residents, outflows",Q2 2002,
Immigrants,Q3 2002,52919.0
Net emigration,Q3 2002,18739.0
Emigrants,Q3 2002,20472.0
Returning emigrants,Q3 2002,10414.0
Net temporary emigration,Q3 2002,8681.0
Net non-permanent residents,Q3 2002,25945.0
"Non-permanent residents, inflows",Q3 2002,
"Non-permanent residents, outflows",Q3 2002,
Immigrants,Q4 2002,41830.0
Net emigration,Q4 2002,14112.0
Emigrants,Q4 2002,12307.0
Returning emigrants,Q4 2002,4786.0
Net temporary emigration,Q4 2002,6591.0
Net non-permanent residents,Q4 2002,-19078.0
"Non-permanent residents, inflows",Q4 2002,
"Non-permanent residents, outflows",Q4 2002,
Immigrants,Q1 2003,45558.0
Net emigration,Q1 2003,10680.0
Emigrants,Q1 2003,10160.0
Returning emigrants,Q1 2003,5523.0
Net temporary emigration,Q1 2003,6043.0
Net non-permanent residents,Q1 2003,15890.0
"Non-permanent residents, inflows",Q1 2003,
"Non-permanent residents, outflows",Q1 2003,
Immigrants,Q2 2003,58863.0
Net emigration,Q2 2003,8661.0
Emigrants,Q2 2003,10951.0
Returning emigrants,Q2 2003,8534.0
Net temporary emigration,Q2 2003,6244.0
Net non-permanent residents,Q2 2003,14014.0
"Non-permanent residents, inflows",Q2 2003,
"Non-permanent residents, outflows",Q2 2003,
Immigrants,Q3 2003,63340.0
Net emigration,Q3 2003,15860.0
Emigrants,Q3 2003,19425.0
Returning emigrants,Q3 2003,11609.0
Net temporary emigration,Q3 2003,8044.0
Net non-permanent residents,Q3 2003,12532.0
"Non-permanent residents, inflows",Q3 2003,
"Non-permanent residents, outflows",Q3 2003,
Immigrants,Q4 2003,53588.0
Net emigration,Q4 2003,14675.0
Emigrants,Q4 2003,13148.0
Returning emigrants,Q4 2003,5031.0
Net temporary emigration,Q4 2003,6558.0
Net non-permanent residents,Q4 2003,-19493.0
"Non-permanent residents, inflows",Q4 2003,
"Non-permanent residents, outflows",Q4 2003,
Immigrants,Q1 2004,54927.0
Net emigration,Q1 2004,13229.0
Emigrants,Q1 2004,11824.0
Returning emigrants,Q1 2004,4843.0
Net temporary emigration,Q1 2004,6248.0
Net non-permanent residents,Q1 2004,8349.0
"Non-permanent residents, inflows",Q1 2004,
"Non-permanent residents, outflows",Q1 2004,
Immigrants,Q2 2004,67246.0
Net emigration,Q2 2004,11539.0
Emigrants,Q2 2004,13787.0
Returning emigrants,Q2 2004,8958.0
Net temporary emigration,Q2 2004,6710.0
Net non-permanent residents,Q2 2004,8960.0
"Non-permanent residents, inflows",Q2 2004,
"Non-permanent residents, outflows",Q2 2004,
Immigrants,Q3 2004,65589.0
Net emigration,Q3 2004,15918.0
Emigrants,Q3 2004,19631.0
Returning emigrants,Q3 2004,11848.0
Net temporary emigration,Q3 2004,8135.0
Net non-permanent residents,Q3 2004,16050.0
"Non-permanent residents, inflows",Q3 2004,
"Non-permanent residents, outflows",Q3 2004,
Immigrants,Q4 2004,48097.0
Net emigration,Q4 2004,14399.0
Emigrants,Q4 2004,13184.0
Returning emigrants,Q4 2004,5382.0
Net temporary emigration,Q4 2004,6597.0
Net non-permanent residents,Q4 2004,-19134.0
"Non-permanent residents, inflows",Q4 2004,
"Non-permanent residents, outflows",Q4 2004,
Immigrants,Q1 2005,56439.0
Net emigration,Q1 2005,12574.0
Emigrants,Q1 2005,11479.0
Returning emigrants,Q1 2005,5098.0
Net temporary emigration,Q1 2005,6193.0
Net non-permanent residents,Q1 2005,4867.0
"Non-permanent residents, inflows",Q1 2005,
"Non-permanent residents, outflows",Q1 2005,
Immigrants,Q2 2005,74474.0
Net emigration,Q2 2005,10681.0
Emigrants,Q2 2005,13339.0
Returning emigrants,Q2 2005,9292.0
Net temporary emigration,Q2 2005,6634.0
Net non-permanent residents,Q2 2005,7365.0
"Non-permanent residents, inflows",Q2 2005,
"Non-permanent residents, outflows",Q2 2005,
Immigrants,Q3 2005,75946.0
Net emigration,Q3 2005,14820.0
Emigrants,Q3 2005,20348.0
Returning emigrants,Q3 2005,13537.0
Net temporary emigration,Q3 2005,8009.0
Net non-permanent residents,Q3 2005,13792.0
"Non-permanent residents, inflows",Q3 2005,
"Non-permanent residents, outflows",Q3 2005,
Immigrants,Q4 2005,55387.0
Net emigration,Q4 2005,14361.0
Emigrants,Q4 2005,13395.0
Returning emigrants,Q4 2005,5485.0
Net temporary emigration,Q4 2005,6451.0
Net non-permanent residents,Q4 2005,-22865.0
"Non-permanent residents, inflows",Q4 2005,
"Non-permanent residents, outflows",Q4 2005,
Immigrants,Q1 2006,55134.0
Net emigration,Q1 2006,13834.0
Emigrants,Q1 2006,13094.0
Returning emigrants,Q1 2006,5644.0
Net temporary emigration,Q1 2006,6384.0
Net non-permanent residents,Q1 2006,10539.0
"Non-permanent residents, inflows",Q1 2006,
"Non-permanent residents, outflows",Q1 2006,
Immigrants,Q2 2006,67914.0
Net emigration,Q2 2006,11244.0
Emigrants,Q2 2006,14575.0
Returning emigrants,Q2 2006,10045.0
Net temporary emigration,Q2 2006,6714.0
Net non-permanent residents,Q2 2006,14512.0
"Non-permanent residents, inflows",Q2 2006,
"Non-permanent residents, outflows",Q2 2006,
Immigrants,Q3 2006,70354.0
Net emigration,Q3 2006,8687.0
Emigrants,Q3 2006,21980.0
Returning emigrants,Q3 2006,18670.0
Net temporary emigration,Q3 2006,5377.0
Net non-permanent residents,Q3 2006,15132.0
"Non-permanent residents, inflows",Q3 2006,
"Non-permanent residents, outflows",Q3 2006,
Immigrants,Q4 2006,58247.0
Net emigration,Q4 2006,14125.0
Emigrants,Q4 2006,15058.0
Returning emigrants,Q4 2006,5344.0
Net temporary emigration,Q4 2006,4411.0
Net non-permanent residents,Q4 2006,-27442.0
"Non-permanent residents, inflows",Q4 2006,
"Non-permanent residents, outflows",Q4 2006,
Immigrants,Q1 2007,47873.0
Net emigration,Q1 2007,12340.0
Emigrants,Q1 2007,13692.0
Returning emigrants,Q1 2007,5574.0
Net temporary emigration,Q1 2007,4222.0
Net non-permanent residents,Q1 2007,16985.0
"Non-permanent residents, inflows",Q1 2007,
"Non-permanent residents, outflows",Q1 2007,
Immigrants,Q2 2007,61653.0
Net emigration,Q2 2007,10648.0
Emigrants,Q2 2007,15782.0
Returning emigrants,Q2 2007,9647.0
Net temporary emigration,Q2 2007,4513.0
Net non-permanent residents,Q2 2007,22749.0
"Non-permanent residents, inflows",Q2 2007,
"Non-permanent residents, outflows",Q2 2007,
Immigrants,Q3 2007,71665.0
Net emigration,Q3 2007,15147.0
Emigrants,Q3 2007,22281.0
Returning emigrants,Q3 2007,12568.0
Net temporary emigration,Q3 2007,5434.0
Net non-permanent residents,Q3 2007,21513.0
"Non-permanent residents, inflows",Q3 2007,
"Non-permanent residents, outflows",Q3 2007,
Immigrants,Q4 2007,55572.0
Net emigration,Q4 2007,13320.0
Emigrants,Q4 2007,14656.0
Returning emigrants,Q4 2007,5704.0
Net temporary emigration,Q4 2007,4368.0
Net non-permanent residents,Q4 2007,-17289.0
"Non-permanent residents, inflows",Q4 2007,
"Non-permanent residents, outflows",Q4 2007,
Immigrants,Q1 2008,53147.0
Net emigration,Q1 2008,12425.0
Emigrants,Q1 2008,13699.0
Returning emigrants,Q1 2008,5506.0
Net temporary emigration,Q1 2008,4232.0
Net non-permanent residents,Q1 2008,16130.0
"Non-permanent residents, inflows",Q1 2008,
"Non-permanent residents, outflows",Q1 2008,
Immigrants,Q2 2008,69248.0
Net emigration,Q2 2008,10215.0
Emigrants,Q2 2008,15522.0
Returning emigrants,Q2 2008,9798.0
Net temporary emigration,Q2 2008,4491.0
Net non-permanent residents,Q2 2008,31124.0
"Non-permanent residents, inflows",Q2 2008,
"Non-permanent residents, outflows",Q2 2008,
Immigrants,Q3 2008,71320.0
Net emigration,Q3 2008,16044.0
Emigrants,Q3 2008,22314.0
Returning emigrants,Q3 2008,11948.0
Net temporary emigration,Q3 2008,5678.0
Net non-permanent residents,Q3 2008,32543.0
"Non-permanent residents, inflows",Q3 2008,
"Non-permanent residents, outflows",Q3 2008,
Immigrants,Q4 2008,53547.0
Net emigration,Q4 2008,13994.0
Emigrants,Q4 2008,14699.0
Returning emigrants,Q4 2008,5236.0
Net temporary emigration,Q4 2008,4531.0
Net non-permanent residents,Q4 2008,-8128.0
"Non-permanent residents, inflows",Q4 2008,
"Non-permanent residents, outflows",Q4 2008,
Immigrants,Q1 2009,50789.0
Net emigration,Q1 2009,10769.0
Emigrants,Q1 2009,12243.0
Returning emigrants,Q1 2009,5630.0
Net temporary emigration,Q1 2009,4156.0
Net non-permanent residents,Q1 2009,23573.0
"Non-permanent residents, inflows",Q1 2009,
"Non-permanent residents, outflows",Q1 2009,
Immigrants,Q2 2009,69657.0
Net emigration,Q2 2009,7184.0
Emigrants,Q2 2009,12275.0
Returning emigrants,Q2 2009,9255.0
Net temporary emigration,Q2 2009,4164.0
Net non-permanent residents,Q2 2009,23898.0
"Non-permanent residents, inflows",Q2 2009,
"Non-permanent residents, outflows",Q2 2009,
Immigrants,Q3 2009,75401.0
Net emigration,Q3 2009,11363.0
Emigrants,Q3 2009,18552.0
Returning emigrants,Q3 2009,12465.0
Net temporary emigration,Q3 2009,5276.0
Net non-permanent residents,Q3 2009,26163.0
"Non-permanent residents, inflows",Q3 2009,
"Non-permanent residents, outflows",Q3 2009,
Immigrants,Q4 2009,56371.0
Net emigration,Q4 2009,11815.0
Emigrants,Q4 2009,13357.0
Returning emigrants,Q4 2009,5989.0
Net temporary emigration,Q4 2009,4447.0
Net non-permanent residents,Q4 2009,-17657.0
"Non-permanent residents, inflows",Q4 2009,
"Non-permanent residents, outflows",Q4 2009,
Immigrants,Q1 2010,58056.0
Net emigration,Q1 2010,10874.0
Emigrants,Q1 2010,12301.0
Returning emigrants,Q1 2010,5704.0
Net temporary emigration,Q1 2010,4277.0
Net non-permanent residents,Q1 2010,12495.0
"Non-permanent residents, inflows",Q1 2010,
"Non-permanent residents, outflows",Q1 2010,
Immigrants,Q2 2010,80807.0
Net emigration,Q2 2010,8022.0
Emigrants,Q2 2010,13836.0
Returning emigrants,Q2 2010,10338.0
Net temporary emigration,Q2 2010,4524.0
Net non-permanent residents,Q2 2010,13242.0
"Non-permanent residents, inflows",Q2 2010,
"Non-permanent residents, outflows",Q2 2010,
Immigrants,Q3 2010,84305.0
Net emigration,Q3 2010,11398.0
Emigrants,Q3 2010,19826.0
Returning emigrants,Q3 2010,13733.0
Net temporary emigration,Q3 2010,5305.0
Net non-permanent residents,Q3 2010,20172.0
"Non-permanent residents, inflows",Q3 2010,
"Non-permanent residents, outflows",Q3 2010,
Immigrants,Q4 2010,57571.0
Net emigration,Q4 2010,11893.0
Emigrants,Q4 2010,13725.0
Returning emigrants,Q4 2010,6215.0
Net temporary emigration,Q4 2010,4383.0
Net non-permanent residents,Q4 2010,-33982.0
"Non-permanent residents, inflows",Q4 2010,
"Non-permanent residents, outflows",Q4 2010,
Immigrants,Q1 2011,49571.0
Net emigration,Q1 2011,12114.0
Emigrants,Q1 2011,13747.0
Returning emigrants,Q1 2011,6018.0
Net temporary emigration,Q1 2011,4385.0
Net non-permanent residents,Q1 2011,9741.0
"Non-permanent residents, inflows",Q1 2011,
"Non-permanent residents, outflows",Q1 2011,
Immigrants,Q2 2011,67696.0
Net emigration,Q2 2011,7457.0
Emigrants,Q2 2011,14168.0
Returning emigrants,Q2 2011,11160.0
Net temporary emigration,Q2 2011,4449.0
Net non-permanent residents,Q2 2011,18793.0
"Non-permanent residents, inflows",Q2 2011,
"Non-permanent residents, outflows",Q2 2011,
Immigrants,Q3 2011,71864.0
Net emigration,Q3 2011,16013.0
Emigrants,Q3 2011,22222.0
Returning emigrants,Q3 2011,14070.0
Net temporary emigration,Q3 2011,7861.0
Net non-permanent residents,Q3 2011,24890.0
"Non-permanent residents, inflows",Q3 2011,
"Non-permanent residents, outflows",Q3 2011,
Immigrants,Q4 2011,59604.0
Net emigration,Q4 2011,15348.0
Emigrants,Q4 2011,14988.0
Returning emigrants,Q4 2011,6027.0
Net temporary emigration,Q4 2011,6387.0
Net non-permanent residents,Q4 2011,-10622.0
"Non-permanent residents, inflows",Q4 2011,
"Non-permanent residents, outflows",Q4 2011,
Immigrants,Q1 2012,55566.0
Net emigration,Q1 2012,14350.0
Emigrants,Q1 2012,14120.0
Returning emigrants,Q1 2012,5984.0
Net temporary emigration,Q1 2012,6214.0
Net non-permanent residents,Q1 2012,13606.0
"Non-permanent residents, inflows",Q1 2012,
"Non-permanent residents, outflows",Q1 2012,
Immigrants,Q2 2012,73009.0
Net emigration,Q2 2012,9175.0
Emigrants,Q2 2012,14063.0
Returning emigrants,Q2 2012,11089.0
Net temporary emigration,Q2 2012,6201.0
Net non-permanent residents,Q2 2012,27526.0
"Non-permanent residents, inflows",Q2 2012,
"Non-permanent residents, outflows",Q2 2012,
Immigrants,Q3 2012,66907.0
Net emigration,Q3 2012,12985.0
Emigrants,Q3 2012,20315.0
Returning emigrants,Q3 2012,15023.0
Net temporary emigration,Q3 2012,7693.0
Net non-permanent residents,Q3 2012,30588.0
"Non-permanent residents, inflows",Q3 2012,
"Non-permanent residents, outflows",Q3 2012,
Immigrants,Q4 2012,62343.0
Net emigration,Q4 2012,13916.0
Emigrants,Q4 2012,13375.0
Returning emigrants,Q4 2012,5663.0
Net temporary emigration,Q4 2012,6204.0
Net non-permanent residents,Q4 2012,-25513.0
"Non-permanent residents, inflows",Q4 2012,
"Non-permanent residents, outflows",Q4 2012,
Immigrants,Q1 2013,58255.0
Net emigration,Q1 2013,15063.0
Emigrants,Q1 2013,14286.0
Returning emigrants,Q1 2013,5622.0
Net temporary emigration,Q1 2013,6399.0
Net non-permanent residents,Q1 2013,14639.0
"Non-permanent residents, inflows",Q1 2013,
"Non-permanent residents, outflows",Q1 2013,
Immigrants,Q2 2013,75610.0
Net emigration,Q2 2013,9838.0
Emigrants,Q2 2013,14153.0
Returning emigrants,Q2 2013,10686.0
Net temporary emigration,Q2 2013,6371.0
Net non-permanent residents,Q2 2013,29807.0
"Non-permanent residents, inflows",Q2 2013,
"Non-permanent residents, outflows",Q2 2013,
Immigrants,Q3 2013,65409.0
Net emigration,Q3 2013,11396.0
Emigrants,Q3 2013,19902.0
Returning emigrants,Q3 2013,16003.0
Net temporary emigration,Q3 2013,7497.0
Net non-permanent residents,Q3 2013,38620.0
"Non-permanent residents, inflows",Q3 2013,
"Non-permanent residents, outflows",Q3 2013,
Immigrants,Q4 2013,59772.0
Net emigration,Q4 2013,15153.0
Emigrants,Q4 2013,14368.0
Returning emigrants,Q4 2013,5556.0
Net temporary emigration,Q4 2013,6341.0
Net non-permanent residents,Q4 2013,-30082.0
"Non-permanent residents, inflows",Q4 2013,
"Non-permanent residents, outflows",Q4 2013,
Immigrants,Q1 2014,64461.0
Net emigration,Q1 2014,15698.0
Emigrants,Q1 2014,14680.0
Returning emigrants,Q1 2014,5388.0
Net temporary emigration,Q1 2014,6406.0
Net non-permanent residents,Q1 2014,6046.0
"Non-permanent residents, inflows",Q1 2014,
"Non-permanent residents, outflows",Q1 2014,
Immigrants,Q2 2014,78294.0
Net emigration,Q2 2014,11254.0
Emigrants,Q2 2014,14772.0
Returning emigrants,Q2 2014,9942.0
Net temporary emigration,Q2 2014,6424.0
Net non-permanent residents,Q2 2014,18283.0
"Non-permanent residents, inflows",Q2 2014,
"Non-permanent residents, outflows",Q2 2014,
Immigrants,Q3 2014,65546.0
Net emigration,Q3 2014,13862.0
Emigrants,Q3 2014,21768.0
Returning emigrants,Q3 2014,15647.0
Net temporary emigration,Q3 2014,7741.0
Net non-permanent residents,Q3 2014,33889.0
"Non-permanent residents, inflows",Q3 2014,
"Non-permanent residents, outflows",Q3 2014,
Immigrants,Q4 2014,52007.0
Net emigration,Q4 2014,14142.0
Emigrants,Q4 2014,14002.0
Returning emigrants,Q4 2014,6027.0
Net temporary emigration,Q4 2014,6167.0
Net non-permanent residents,Q4 2014,-41248.0
"Non-permanent residents, inflows",Q4 2014,
"Non-permanent residents, outflows",Q4 2014,
Immigrants,Q1 2015,51129.0
Net emigration,Q1 2015,15927.0
Emigrants,Q1 2015,14989.0
Returning emigrants,Q1 2015,5431.0
Net temporary emigration,Q1 2015,6369.0
Net non-permanent residents,Q1 2015,-11185.0
"Non-permanent residents, inflows",Q1 2015,
"Non-permanent residents, outflows",Q1 2015,
Immigrants,Q2 2015,72093.0
Net emigration,Q2 2015,10113.0
Emigrants,Q2 2015,15078.0
Returning emigrants,Q2 2015,11353.0
Net temporary emigration,Q2 2015,6388.0
Net non-permanent residents,Q2 2015,8703.0
"Non-permanent residents, inflows",Q2 2015,
"Non-permanent residents, outflows",Q2 2015,
Immigrants,Q3 2015,78903.0
Net emigration,Q3 2015,14644.0
Emigrants,Q3 2015,23493.0
Returning emigrants,Q3 2015,16797.0
Net temporary emigration,Q3 2015,7948.0
Net non-permanent residents,Q3 2015,19982.0
"Non-permanent residents, inflows",Q3 2015,
"Non-permanent residents, outflows",Q3 2015,
Immigrants,Q4 2015,69742.0
Net emigration,Q4 2015,15882.0
Emigrants,Q4 2015,15385.0
Returning emigrants,Q4 2015,5855.0
Net temporary emigration,Q4 2015,6352.0
Net non-permanent residents,Q4 2015,-26830.0
"Non-permanent residents, inflows",Q4 2015,
"Non-permanent residents, outflows",Q4 2015,
Immigrants,Q1 2016,86246.0
Net emigration,Q1 2016,15462.0
Emigrants,Q1 2016,15111.0
Returning emigrants,Q1 2016,5951.0
Net temporary emigration,Q1 2016,6302.0
Net non-permanent residents,Q1 2016,11939.0
"Non-permanent residents, inflows",Q1 2016,
"Non-permanent residents, outflows",Q1 2016,
Immigrants,Q2 2016,88297.0
Net emigration,Q2 2016,8909.0
Emigrants,Q2 2016,13904.0
Returning emigrants,Q2 2016,11057.0
Net temporary emigration,Q2 2016,6062.0
Net non-permanent residents,Q2 2016,30357.0
"Non-permanent residents, inflows",Q2 2016,
"Non-permanent residents, outflows",Q2 2016,
Immigrants,Q3 2016,68231.0
Net emigration,Q3 2016,16648.0
Emigrants,Q3 2016,41778.0
Returning emigrants,Q3 2016,25130.0
Net temporary emigration,Q3 2016,
Net non-permanent residents,Q3 2016,53175.0
"Non-permanent residents, inflows",Q3 2016,
"Non-permanent residents, outflows",Q3 2016,
Immigrants,Q4 2016,53611.0
Net emigration,Q4 2016,15753.0
Emigrants,Q4 2016,26680.0
Returning emigrants,Q4 2016,10927.0
Net temporary emigration,Q4 2016,
Net non-permanent residents,Q4 2016,-6749.0
"Non-permanent residents, inflows",Q4 2016,
"Non-permanent residents, outflows",Q4 2016,
Immigrants,Q1 2017,72837.0
Net emigration,Q1 2017,15964.0
Emigrants,Q1 2017,27115.0
Returning emigrants,Q1 2017,11151.0
Net temporary emigration,Q1 2017,
Net non-permanent residents,Q1 2017,10350.0
"Non-permanent residents, inflows",Q1 2017,
"Non-permanent residents, outflows",Q1 2017,
Immigrants,Q2 2017,78015.0
Net emigration,Q2 2017,8115.0
Emigrants,Q2 2017,24391.0
Returning emigrants,Q2 2017,16276.0
Net temporary emigration,Q2 2017,
Net non-permanent residents,Q2 2017,47000.0
"Non-permanent residents, inflows",Q2 2017,
"Non-permanent residents, outflows",Q2 2017,
Immigrants,Q3 2017,70134.0
Net emigration,Q3 2017,8878.0
Emigrants,Q3 2017,31704.0
Returning emigrants,Q3 2017,22826.0
Net temporary emigration,Q3 2017,
Net non-permanent residents,Q3 2017,78277.0
"Non-permanent residents, inflows",Q3 2017,
"Non-permanent residents, outflows",Q3 2017,
Immigrants,Q4 2017,65551.0
Net emigration,Q4 2017,10875.0
Emigrants,Q4 2017,20803.0
Returning emigrants,Q4 2017,9928.0
Net temporary emigration,Q4 2017,
Net non-permanent residents,Q4 2017,2407.0
"Non-permanent residents, inflows",Q4 2017,
"Non-permanent residents, outflows",Q4 2017,
Immigrants,Q1 2018,80007.0
Net emigration,Q1 2018,13487.0
Emigrants,Q1 2018,23635.0
Returning emigrants,Q1 2018,10148.0
Net temporary emigration,Q1 2018,
Net non-permanent residents,Q1 2018,22568.0
"Non-permanent residents, inflows",Q1 2018,
"Non-permanent residents, outflows",Q1 2018,
Immigrants,Q2 2018,87677.0
Net emigration,Q2 2018,6625.0
Emigrants,Q2 2018,22129.0
Returning emigrants,Q2 2018,15504.0
Net temporary emigration,Q2 2018,
Net non-permanent residents,Q2 2018,59321.0
"Non-permanent residents, inflows",Q2 2018,
"Non-permanent residents, outflows",Q2 2018,
Immigrants,Q3 2018,82292.0
Net emigration,Q3 2018,7025.0
Emigrants,Q3 2018,30291.0
Returning emigrants,Q3 2018,23266.0
Net temporary emigration,Q3 2018,
Net non-permanent residents,Q3 2018,76425.0
"Non-permanent residents, inflows",Q3 2018,
"Non-permanent residents, outflows",Q3 2018,
Immigrants,Q4 2018,71078.0
Net emigration,Q4 2018,10778.0
Emigrants,Q4 2018,20980.0
Returning emigrants,Q4 2018,10202.0
Net temporary emigration,Q4 2018,
Net non-permanent residents,Q4 2018,-3397.0
"Non-permanent residents, inflows",Q4 2018,
"Non-permanent residents, outflows",Q4 2018,
Immigrants,Q1 2019,65953.0
Net emigration,Q1 2019,11957.0
Emigrants,Q1 2019,21331.0
Returning emigrants,Q1 2019,9374.0
Net temporary emigration,Q1 2019,
Net non-permanent residents,Q1 2019,30543.0
"Non-permanent residents, inflows",Q1 2019,
"Non-permanent residents, outflows",Q1 2019,
Immigrants,Q2 2019,94280.0
Net emigration,Q2 2019,5206.0
Emigrants,Q2 2019,19602.0
Returning emigrants,Q2 2019,14396.0
Net temporary emigration,Q2 2019,
Net non-permanent residents,Q2 2019,65262.0
"Non-permanent residents, inflows",Q2 2019,
"Non-permanent residents, outflows",Q2 2019,
Immigrants,Q3 2019,103713.0
Net emigration,Q3 2019,9073.0
Emigrants,Q3 2019,30675.0
Returning emigrants,Q3 2019,21602.0
Net temporary emigration,Q3 2019,
Net non-permanent residents,Q3 2019,80029.0
"Non-permanent residents, inflows",Q3 2019,
"Non-permanent residents, outflows",Q3 2019,
Immigrants,Q4 2019,77228.0
Net emigration,Q4 2019,9555.0
Emigrants,Q4 2019,18852.0
Returning emigrants,Q4 2019,9297.0
Net temporary emigration,Q4 2019,
Net non-permanent residents,Q4 2019,13947.0
"Non-permanent residents, inflows",Q4 2019,
"Non-permanent residents, outflows",Q4 2019,
Immigrants,Q1 2020,69140.0
Net emigration,Q1 2020,10408.0
Emigrants,Q1 2020,20633.0
Returning emigrants,Q1 2020,10225.0
Net temporary emigration,Q1 2020,
Net non-permanent residents,Q1 2020,6109.0
"Non-permanent residents, inflows",Q1 2020,
"Non-permanent residents, outflows",Q1 2020,
Immigrants,Q2 2020,34072.0
Net emigration,Q2 2020,2633.0
Emigrants,Q2 2020,7431.0
Returning emigrants,Q2 2020,4798.0
Net temporary emigration,Q2 2020,
Net non-permanent residents,Q2 2020,-24820.0
"Non-permanent residents, inflows",Q2 2020,
"Non-permanent residents, outflows",Q2 2020,
Immigrants,Q3 2020,40119.0
Net emigration,Q3 2020,-78.0
Emigrants,Q3 2020,17305.0
Returning emigrants,Q3 2020,17383.0
Net temporary emigration,Q3 2020,
Net non-permanent residents,Q3 2020,-67698.0
"Non-permanent residents, inflows",Q3 2020,
"Non-permanent residents, outflows",Q3 2020,
Immigrants,Q4 2020,41263.0
Net emigration,Q4 2020,6272.0
Emigrants,Q4 2020,15038.0
Returning emigrants,Q4 2020,8766.0
Net temporary emigration,Q4 2020,
Net non-permanent residents,Q4 2020,-9657.0
"Non-permanent residents, inflows",Q4 2020,
"Non-permanent residents, outflows",Q4 2020,
Immigrants,Q1 2021,70492.0
Net emigration,Q1 2021,10498.0
Emigrants,Q1 2021,17184.0
Returning emigrants,Q1 2021,6686.0
Net temporary emigration,Q1 2021,
Net non-permanent residents,Q1 2021,13627.0
"Non-permanent residents, inflows",Q1 2021,
"Non-permanent residents, outflows",Q1 2021,
Immigrants,Q2 2021,74440.0
Net emigration,Q2 2021,9034.0
Emigrants,Q2 2021,17100.0
Returning emigrants,Q2 2021,8066.0
Net temporary emigration,Q2 2021,
Net non-permanent residents,Q2 2021,12009.0
"Non-permanent residents, inflows",Q2 2021,
"Non-permanent residents, outflows",Q2 2021,
Immigrants,Q3 2021,122916.0
Net emigration,Q3 2021,7898.0
Emigrants,Q3 2021,26453.0
Returning emigrants,Q3 2021,18555.0
Net temporary emigration,Q3 2021,
Net non-permanent residents,Q3 2021,67201.0
"Non-permanent residents, inflows",Q3 2021,232869.0
"Non-permanent residents, outflows",Q3 2021,165668.0
Immigrants,Q4 2021,138198.0
Net emigration,Q4 2021,11731.0
Emigrants,Q4 2021,22620.0
Returning emigrants,Q4 2021,10889.0
Net temporary emigration,Q4 2021,
Net non-permanent residents,Q4 2021,-15299.0
"Non-permanent residents, inflows",Q4 2021,149870.0
"Non-permanent residents, outflows",Q4 2021,165169.0
Immigrants,Q1 2022,113803.0
Net emigration,Q1 2022,16312.0
Emigrants,Q1 2022,25394.0
Returning emigrants,Q1 2022,9082.0
Net temporary emigration,Q1 2022,
Net non-permanent residents,Q1 2022,22161.0
"Non-permanent residents, inflows",Q1 2022,135916.0
"Non-permanent residents, outflows",Q1 2022,113755.0
Immigrants,Q2 2022,118319.0
Net emigration,Q2 2022,11312.0
Emigrants,Q2 2022,25289.0
Returning emigrants,Q2 2022,13977.0
Net temporary emigration,Q2 2022,
Net non-permanent residents,Q2 2022,134626.0
"Non-permanent residents, inflows",Q2 2022,218700.0
"Non-permanent residents, outflows",Q2 2022,84074.0
Immigrants,Q3 2022,122199.0
Net emigration,Q3 2022,8353.0
Emigrants,Q3 2022,27446.0
Returning emigrants,Q3 2022,19093.0
Net temporary emigration,Q3 2022,
Net non-permanent residents,Q3 2022,214789.0
"Non-permanent residents, inflows",Q3 2022,341455.0
"Non-permanent residents, outflows",Q3 2022,126666.0
Immigrants,Q4 2022,83291.0
Net emigration,Q4 2022,12014.0
Emigrants,Q4 2022,23136.0
Returning emigrants,Q4 2022,11122.0
Net temporary emigration,Q4 2022,
Net non-permanent residents,Q4 2022,179968.0
"Non-permanent residents, inflows",Q4 2022,264195.0
"Non-permanent residents, outflows",Q4 2022,84227.0
Immigrants,Q1 2023,145496.0
Net emigration,Q1 2023,16415.0
Emigrants,Q1 2023,25536.0
Returning emigrants,Q1 2023,9121.0
Net temporary emigration,Q1 2023,
Net non-permanent residents,Q1 2023,97845.0
"Non-permanent residents, inflows",Q1 2023,218581.0
"Non-permanent residents, outflows",Q1 2023,120736.0
Immigrants,Q2 2023,117927.0
Net emigration,Q2 2023,11332.0
Emigrants,Q2 2023,25452.0
Returning emigrants,Q2 2023,14120.0
Net temporary emigration,Q2 2023,
Net non-permanent residents,Q2 2023,220149.0
"Non-permanent residents, inflows",Q2 2023,306972.0
"Non-permanent residents, outflows",Q2 2023,86823.0
Immigrants,Q3 2023,107988.0
Net emigration,Q3 2023,8596.0
Emigrants,Q3 2023,28253.0
Returning emigrants,Q3 2023,19657.0
Net temporary emigration,Q3 2023,
Net non-permanent residents,Q3 2023,318433.0
"Non-permanent residents, inflows",Q3 2023,453103.0
"Non-permanent residents, outflows",Q3 2023,134670.0
Immigrants,Q4 2023,100406.0
Net emigration,Q4 2023,12366.0
Emigrants,Q4 2023,23816.0
Returning emigrants,Q4 2023,11450.0
Net temporary emigration,Q4 2023,
Net non-permanent residents,Q4 2023,184339.0
"Non-permanent residents, inflows",Q4 2023,310517.0
"Non-permanent residents, outflows",Q4 2023,126178.0
Immigrants,Q1 2024,121733.0
Net emigration,Q1 2024,16900.0
Emigrants,Q1 2024,26293.0
Returning emigrants,Q1 2024,9393.0
Net temporary emigration,Q1 2024,
Net non-permanent residents,Q1 2024,154483.0
"Non-permanent residents, inflows",Q1 2024,289843.0
"Non-permanent residents, outflows",Q1 2024,135360.0
Immigrants,Q2 2024,134138.0
Net emigration,Q2 2024,11671.0
Emigrants,Q2 2024,26203.0
Returning emigrants,Q2 2024,14532.0
Net temporary emigration,Q2 2024,
Net non-permanent residents,Q2 2024,117836.0
"Non-permanent residents, inflows",Q2 2024,265243.0
"Non-permanent residents, outflows",Q2 2024,147407.0
Immigrants,Q3 2024,124239.0
Net emigration,Q3 2024,8860.0
Emigrants,Q3 2024,29105.0
Returning emigrants,Q3 2024,20245.0
Net temporary emigration,Q3 2024,
Net non-permanent residents,Q3 2024,47187.0
"Non-permanent residents, inflows",Q3 2024,296890.0
"Non-permanent residents, outflows",Q3 2024,249703.0
Immigrants,Q4 2024,103481.0
Net emigration,Q4 2024,12739.0
Emigrants,Q4 2024,24533.0
Returning emigrants,Q4 2024,11794.0
Net temporary emigration,Q4 2024,
Net non-permanent residents,Q4 2024,-28341.0
"Non-permanent residents, inflows",Q4 2024,184495.0
"Non-permanent residents, outflows",Q4 2024,212836.0
Immigrants,Q1 2025,104256.0
Net emigration,Q1 2025,17410.0
Emigrants,Q1 2025,27086.0
Returning emigrants,Q1 2025,9676.0
Net temporary emigration,Q1 2025,
Net non-permanent residents,Q1 2025,-61111.0
"Non-permanent residents, inflows",Q1 2025,148289.0
"Non-permanent residents, outflows",Q1 2025,209400.0
